
[{
	"name" : "Solid Outline Blue",
    "color" : [76, 160, 216, 0],
    "outline" : {
      "color" : [76, 160, 216, 255],
      "width" : 2.25,
      "type" : "esriSLS",
      "style" : "esriSLSSolid"
    },
    "type" : "esriSFS",
    "style" : "esriSFSSolid"
  }, {
	"name" : "Solid Outline Green",
    "color" : [45, 180, 89, 0],
    "outline" : {
      "color" : [45, 180, 89, 255],
      "width" : 2.25,
      "type" : "esriSLS",
      "style" : "esriSLSSolid"
    },
    "type" : "esriSFS",
    "style" : "esriSFSSolid"
  }, {
	"name" : "Solid Outline Purple",
    "color" : [155, 130, 188, 0],
    "outline" : {
      "color" : [155, 130, 188, 255],
      "width" : 2.25,
      "type" : "esriSLS",
      "style" : "esriSLSSolid"
    },
    "type" : "esriSFS",
    "style" : "esriSFSSolid"
  }, {
	"name" : "Solid Outline Red", 
    "color" : [219, 90, 90, 0],
    "outline" : {
      "color" : [219, 90, 90, 255],
      "width" : 2.25,
      "type" : "esriSLS",
      "style" : "esriSLSSolid"
    },
    "type" : "esriSFS",
    "style" : "esriSFSSolid"
  }, {
	"name" : "Solid Outline Orange",
    "color" : [243, 117, 33, 0],
    "outline" : {
      "color" : [243, 117, 33, 255],
      "width" : 2.25,
      "type" : "esriSLS",
      "style" : "esriSLSSolid"
    },
    "type" : "esriSFS",
    "style" : "esriSFSSolid"
  }, {
	"name" : "Solid Outline Yellow",
    "color" : [253, 240, 104, 0],
    "outline" : {
      "color" : [253, 240, 104, 255],
      "width" : 2.25,
      "type" : "esriSLS",
      "style" : "esriSLSSolid"
    },
    "type" : "esriSFS",
    "style" : "esriSFSSolid"
  }, {
	"name" : "Dash-Dot Outline Blue",
    "color" : [76, 160, 216, 0],
    "outline" : {
      "color" : [76, 160, 216, 255],
      "width" : 2.25,
      "type" : "esriSLS",
      "style" : "esriSLSDashDot"
    },
    "type" : "esriSFS",
    "style" : "esriSFSSolid"
  }, {
	"name" : "Dash-Dot Outline Green",
    "color" : [45, 180, 89, 0],
    "outline" : {
      "color" : [45, 180, 89, 255],
      "width" : 2.25,
      "type" : "esriSLS",
      "style" : "esriSLSDashDot"
    },
    "type" : "esriSFS",
    "style" : "esriSFSSolid"
  }, {
	"name" : "Dash-Dot Outline Purple",
    "color" : [155, 130, 188, 0],
    "outline" : {
      "color" : [155, 130, 188, 255],
      "width" : 2.25,
      "type" : "esriSLS",
      "style" : "esriSLSDashDot"
    },
    "type" : "esriSFS",
    "style" : "esriSFSSolid"
  }, {
	"name" : "Dash-Dot Outline Red",
    "color" : [219, 90, 90, 0],
    "outline" : {
      "color" : [219, 90, 90, 255],
      "width" : 2.25,
      "type" : "esriSLS",
      "style" : "esriSLSDashDot"
    },
    "type" : "esriSFS",
    "style" : "esriSFSSolid"
  },{
	"name" : "Dash-Dot Outline Orange",
    "color" : [243, 117, 33, 0],
    "outline" : {
      "color" : [243, 117, 33, 255],
      "width" : 2.25,
      "type" : "esriSLS",
      "style" : "esriSLSDashDot"
    },
    "type" : "esriSFS",
    "style" : "esriSFSSolid"
  }, {
	"name" : "Dash-Dot Outline Yellow",
    "color" : [253, 240, 104, 0],
    "outline" : {
      "color" : [253, 240, 104, 255],
      "width" : 2.25,
      "type" : "esriSLS",
      "style" : "esriSLSDashDot"
    },
    "type" : "esriSFS",
    "style" : "esriSFSSolid"
  }, {
	"name" : "Dotted Outline Blue",
    "color" : [76, 160, 216, 0],
    "outline" : {
      "color" : [76, 160, 216, 255],
      "width" : 2.25,
      "type" : "esriSLS",
      "style" : "esriSLSDot"
    },
    "type" : "esriSFS",
    "style" : "esriSFSSolid"
  }, {
	"name" : "Dotted Outline Green",
    "color" : [45, 180, 89, 0],
    "outline" : {
      "color" : [45, 180, 89, 255],
      "width" : 2.25,
      "type" : "esriSLS",
      "style" : "esriSLSDot"
    },
    "type" : "esriSFS",
    "style" : "esriSFSSolid"
  }, {
	"name" : "Dotted Outline Purple",
    "color" : [155, 130, 188, 0],
    "outline" : {
      "color" : [155, 130, 188, 255],
      "width" : 2.25,
      "type" : "esriSLS",
      "style" : "esriSLSDot"
    },
    "type" : "esriSFS",
    "style" : "esriSFSSolid"
  }, {
	"name" : "Dotted Outline Red",
    "color" : [219, 90, 90, 0],
    "outline" : {
      "color" : [219, 90, 90, 255],
      "width" : 2.25,
      "type" : "esriSLS",
      "style" : "esriSLSDot"
    },
    "type" : "esriSFS",
    "style" : "esriSFSSolid"
  }, {
	"name" : "Dotted Outline Orange",
    "color" : [243, 117, 33, 0],
    "outline" : {
      "color" : [243, 117, 33, 255],
      "width" : 2.25,
      "type" : "esriSLS",
      "style" : "esriSLSDot"
    },
    "type" : "esriSFS",
    "style" : "esriSFSSolid"
  }, {
	"name" : "Dotted Outline Yellow",
    "color" : [253, 240, 104, 0],
    "outline" : {
      "color" : [253, 240, 104, 255],
      "width" : 2.25,
      "type" : "esriSLS",
      "style" : "esriSLSDot"
    },
    "type" : "esriSFS",
    "style" : "esriSFSSolid"
  }
]
